{"epoch": 5, "loss": 0.7565251462056604, "_timestamp": 1706465848.267529, "_runtime": 9993.467314958572, "_step": 5, "_wandb": {"runtime": 10243}}